Номер тягача;Номер прицепа;ФИО
У447ЕТ 761;СН0660 61;Тищенко Виктор Юрьевич
О214ТУ 161;;Коротенко Евгений Владимирович
А184КК 761;;Белоусов Александр Александрович
С843АТ 761;СЕ7809 61;Ереськин Александр Анатольевич
Р148КК 761;СМ0868 61;Шевченко Виталий Николаевич
А213КК 761;СО3321 61;Лаврухин Константин Александрович
Х854ЕТ 761;СР3068 61;Петренко Артем Яковлевич
А099КК 761;СО3268 61;Горщар Сергей Антонович
А122ЕВ 761;СЕ6125 61;Шамшурин Юрий Николаевич
А673ВВ 761;СН0247 61;Беланов Яков Анатольевич
А716ВВ 761;СМ7952 61;Шуленин Валентин Сергеевич
А738ВВ 761;СН6889 61;Сегадетдинов Олег Зекиевич
В089ЕВ 716;СЕ4150 61;Гребчуков Валерий Леонидович
В131ЕВ 716;СК0932 61;Сурков Николай Александрович
В191ЕВ 716;СЕ7806 61;Гущин Андрей Юрьевич
В211ЕВ 716;СК2950 61;Васянович Денис Анатольевич
В320ВУ 716;СЕ8724 61;Руденко Алексей Александрович
В411АХ 761;СК5456 61;Бабинец Александр Георгиевич
В454АХ 761;СЕ2721 61;Кравцов Павел Анатольевич
В491АХ 761;СЕ7530 61;Царев Михаил Васильевич
В493АХ 761;СК4977 61;Куковский Вячеслав Валентинович
Е236КВ 761;СН7341 61;Ковтышний Иван Викторович
Е271КВ 761;СН7291 61;Школяр Валерий Алексеевич
Е281КВ 761;СН7870 61;Агеев Михаил Иванович
Е423НС 761;СЕ9303 61;Леонов Эдуард Николаевич
Е590НС 761;СН6324 61;Юсупов Аслан Шамсудинович
Е606КВ 761;СК1859 61;Уксукпаев Мурат Сундеткалиевич
Е647КК 761;СН6875 61;Вяткин Андрей Николаевич
Е678КВ 761;СН7866 61;Донченко Василий Алексеевич
Е683КВ 761;СЕ4122 61;Бахтин Александр Николаевич
Е703КВ 761;СН7862 61;Горгодзе Омари Омариевич
К288ВА 761;СЕ7471 61;Лаврентьев Герман Николаевич
К711ВТ 761;СК5473 61;Аджиев Арсен Алимсолтанович
К736ВТ 761;СК4955 61;Батыров Карамутдин Хакимович
К838ВТ 761;СЕ5041 61;Ермак Виталий Викторович
К840ВТ 761;СМ0867 61;Полтавченко Денис Викторович
М138НХ 761;СР3223 61;Кропивка Максим Сергеевич
М418ВТ 761;СК4976 61;Резниченко Роман Валериевич
М679АК 761;СН6879 61;Швейков Николай Николаевич
Н797СВ 761;СК1861 61;Архипов Юрий Виталиевич
Н982ХХ 161;СР3106 61;Косоножкин Александр Федорович
О026ТУ 161;СЕ9309 61;Исмаилов Асламбек Алаудинович
О081ТУ 161;СН6868 61;Ямпольский Алексей Иванович
О557КК 761;СЕ2722 61;Стребков Вячеслав Николаевич
О633ХТ 161;СЕ6510 61;Магомедсаидов Сулеймангаджи Ибрагимович
О637ХТ 161;СЕ7814 61;Дагенов Александр Дмитриевич
О685ТУ 161;АТ0713 16;Авдусенко Михаил Валериевич
О756ТУ 161;СЕ4355 61;Айдамиров Руслан Даккаевич
О791ВТ 761;СО3271 61;Елисеев Игорь Анатольевич
О797ТУ 161;СК4950 61;Зайтуев Магомедсалам Омарович
О817ВТ 761;СО3257 61;Петросов Александр Арсеньевич
Р345ТТ 161;АУ0510 16;Горшенев Владимир Михайлович
Р631МО 761;АТ9049 16;Бричевский Павел Анатольевич
Р732НХ 761;СК4963 61;Оржановский Сергей Николаевич
С030МК 761;СК1853 61;Беликов Вадим Иванович
С057МК 761;СК5468 61;Мирзоев Расим Агаметович
С063МК 761;АТ6691 16;Ардашаев Руслан Хасаншевич
С078МК 761;СН0676 61;Исаков Асланбек Хасанович
Т148АЕ 761;АС6394 16;Боровиков Эдуард Николаевич
Т250АЕ 761;АТ9035 16;Жигрин Сергей Валерьевич
Т871МК 761;СК4953 61;Гаспаров Иван Игоревич
У228ЕТ 761;СМ9093 61;Куликов Денис Андреевич
У271ЕТ 761;СМ9092 61;Васильченко Евгений Александрович
У333ЕТ 761;СН0663 61;Першин Михаил Владимирович
У382ЕТ 761;СН0658 61;Прудников Роман Сергеевич
У739АТ 761;СК5470 61;Метансин Виктор Яковлевич
У780НХ 761;СЕ6503 61;Козырев Сергей Александрович
Х049АТ 761;СЕ7812 61;Лукьянов Евгений Николаевич
Х161АТ 761;СК4957 61;Фильчуков Владимир Александрович
Х175АТ 761;АУ1689 16;Середа Дмитрий Николаевич
Х192АТ 761;СК4974 61;Самарский Роман Викторович
Х331АТ 761;СЕ9319 61;Хитров Виктор Сергеевич
Х353НХ 761;СЕ9275 61;Жаботинский Николай Петрович
Х663ХО 161;СН6881 61;Щербина Виталий Николаевич
Х666ЕТ 761;СН0206 61;Евсеев Петр Климович
Х671АХ 761;СН6876 61;Шучков Владислав Александрович
Х694АХ 761;СЕ6142 61;Воробьев Алексей Александрович
Х714ХО 161;СН6348 61;Хренов Юрий Алексеевич
Х771АХ 761;СЕ5057 61;Гнездилов Василий Васильевич
В249РО 161;;Пустоветов Виктор Александрович
Х628АХ 761;СЕ9283 61;Золотов Евгений Александрович
Х629АХ 761;;Хащинин Дмитрий Александрович
Х715АХ 761;СО3265 61;Лаптев Василий Васильевич
Х738АХ 761;;Багов Вадим Русланович
Х791АХ 761;СЕ5550 61;Старченко Виктор Николаевич
Х792АХ 761;СК2892 61;Сухов Владимир Александрович
Х884АХ 761;СЕ9304 61;Крючков Виталий Алексеевич
Х896АХ 761;СР3102 61;Панченко Сергей Михайлович
Х897АХ 761;СН6312 61;Черный Анатолий Дмитриевич
Х915АХ 761;СН6877 61;Солохин Александр Николаевич
Х944АХ 761;СЕ9302 61;Лубенец Владимир Васильевич
Х961АХ 761;СЕ7475 61;Беланов Александр Анатольевич
А011ЕВ 761;СН6327 61;Сулейманов Салман Абдулхаликович
А169ЕВ 761;АУ1647 16;Мещеряков Дмитрий Михайлович
А221ЕВ 761;СК2901 61;Старостенко Андрей Васильевич
А547ВВ 761;СЕ9305 61;Ульянов Владимир Евгеньевич
А683ВВ 761;СЕ7819 61;Визняк Роман Михайлович
А769ВВ 761;СЕ9352 61;Сумин Николай Николаевич
К288ВТ 761;СЕ2757 61;Шалушкин Михаил Анатольевич
К309ВТ 761;АУ0520 16;Рыбаков Анатолий Олегович
К314ВС 761;СМ8993 61;Богданов Виктор Васильевич
Т055ЕС 761;СН6890 61;Богданенко Виктор Васильевич
У125МК 761;;Журкин Валерий Григорьевич
А157ТХ 161;СК5460 61;Муращенко Александр Иванович
А193ТХ 161;;Агапов Игорь Владимирович
А195КК 761;СН6313 61;Житенёв Владимир Владимирович
А197ТХ 161;СЕ5056 61;Игуменко Михаил Викторович
А201ТХ 161;СК0933 61;Фролов Владимир Петрович
А203КК 761;СО3270 61;Беляев Вадим Андреевич
А223КК 761;СН6311 61;Латкин Виктор Евгеньевич
А228КК 761;СН6883 61;Камалян Гарик Дереникович
А887ВС 761;;Степаненко Валерий Викторович
В034ВУ 716;СМ0872 61;Левченко Александр Иванович
В155НК 716;СК4970 61;Андращук Виктор Николаевич
В186ВУ 716;СЕ9281 61;Куренной Николай Николаевич
В249ТН 716;СК4964 61;Дерезниченко Кирилл Олегович
В274ТН 716;СЕ5556 61;Хмеленко Сергей Николаевич
В311ВУ 716;СК2899 61;Антясов Олег Константинович
В338ТН 716;АТ8960 16;Парий Виктор Анатольевич
В453ТН 716;СЕ6171 61;Жуков Сергей Владимирович
В459ТН 716;СК1856 61;Лебедев Владимир Иванович
В463АХ 761;СК5458 61;Колесников Николай Викторович
В472АХ 761;;Малышев Александр Александрович
В484ВУ 716;СЕ6508 61;Майба Алексей Юрьевич
В495АХ 761;СК5467 61;Горченко Андрей Анатольевич
В526ЕВ 716;СН6878 61;Кривых Михаил Петрович
В529ТН 716;СЕ9297 61;Немтин Вячеслав Яковлевич
В558ТН 716;СН0693 61;Гонтарь Анатолий Владимирович
В587АХ 761;СЕ7493 61;Ломиворотов Андрей Геннадьевич
В593ВУ 716;СЕ9316 61;Колядко Сергей Сергеевич
В661ВУ 716;СЕ9271 61;Куленко Александр Николаевич
В667ЕВ 716;;Абакаров Шамиль Абакарович
В783ВУ 716;АТ3517 16;Мигитинов Абдулла Зайдулаевич
В833ВУ 716;АУ1622 16;Лосев Юрий Владимирович
В862ВУ 716;СЕ9274 61;Магометов Сергей Данилович
В894ВУ 716;СК5466 61;Куров Евгений Сергеевич
В957ВУ 716;;Кудрявцев Артем Евгеньевич
Е272ТР 161;;Тихонов Андрей Алексеевич
Е439НС 761;АТ8678 16;Кнурев Олег Анатольевич
Е458НС 761;СН 6234 61;Стругин Алексей Васильевич
Е520ТР 161;;Лебедев Владимир Иванович
Е544ТР 161;СН6869 61;Лебединцев Алексей Сергеевич
Е570КК 761;СЕ7477 61;Капуста Александр Владимирович
Е571НС 761;;Эдиев Рамазан Борисович
Е581НС 761;СН6325 61;Бисиков Марат Абдрахманович
Е612КК 761;СЕ7476 61;Береснев Сергей Николаевич
Е634КК 761;СК4959 61;Бобаренко Геннадий Александрович
Е706КК 761;СЕ6509 61;Хасанов Тагир Равильевич
Е738КК 761;СЕ6128 61;Гарбузов Владимир Валентинович
Е825ХР 161;СК4962 61;Печеников Сергей Михайлович
Е932ТР 161;СК4973 61;Паутов Сергей Викторович
К138НС 761;СЕ9276 61;Уваров Юрий Алексеевич
К158НС 761;СН6326 61;Бобров Андрей Леонидович
К174КА 761;СН6346 61;Гайдаев Николай Анатольевич
К788ОС 761;СР7561 61;Сямин Сергей Анатольевич
К791ВТ 761;СЕ8722 61;Жарков Евгений Иванович
К793ВТ 761;СМ0871 61;Макеев Сергей Алексеевич
К804ВТ 761;СМ0866 61;Шаповалов Михаил Викторович
К809ВТ 761;СН6323 61;Ведерников Дмитрий Александрович
М178КК 761;СЕ9290 61;Попружук Владимир Евгеньевич
М384ВТ 761;СЕ6129 61;Епатко Сергей Васильевич
М393ТТ 161;СЕ4389 61;Ананьев Александр Васильевич
М402ВТ 761;СМ0875 61;Михайличенко Виталий Петрович
М414ВТ 761;СО3258 61;Баннов Александр Викторович
М422ТТ 161;СЕ7531 61;Захаров Сергей Борисович
М446ТТ 161;СК4948 61;Журкин Олег Сергеевич
Н661КЕ 761;СМ0865 61;Пустынников Юрий Васильевич
Н851НУ 761;СН6373 61;Ординарцев Николай Михайлович
Н941АХ 761;СО3254 61;Лисивцов Дмитрий Александрович
О019ТУ 161;СМ0873 61;Михайлов Валерий Вячеславович
О055ТУ 161;СЕ9287 61;Бусс Александр Александрович
О106АВ 761;;Крючков Виталий Алексеевич
О147ТУ 161;СЕ6127 61;Шевченко Александр Витальевич
О158ТУ 161;СК4979 61;Леванов Юрий Николаевич
О168ТУ 161;СК4972 61;Фильчуков Владимир Александрович
О180ТУ 161;СМ0870 61;Эюбов Мидад Исакович
О253ТУ 161;СЕ2725 61;Попов Николай Николаевич
О268АВ 761;АУ1720 16;Холоденко Александр Витальевич
О491ХТ 161;СЕ9312 61;Мальчиков Александр Петрович
О494ХТ 161;СК4952 61;Архипов Роман Иванович
О632ХТ 161;АТ9030 16;
О636ХТ 161;СК4978 61;Стаценко Станислав Александрович
О675ХТ 161;СЕ6507 61;Сапрунов Эдуард Иванович
О677ХТ 161;СО3262 61;Подсвидов Виталий Иванович
О680ХТ 161;СК4947 61;Мамедов Адишарьян Наврузович
О732ТУ 161;СК5457 61;Белоусов Максим Геннадьевич
О773ТУ 161;СК0940 61;Золотарев Владимир Юрьевич
О783ВТ 761;СЕ9301 61;Зеленецкий Игорь Николаевич
О786ТУ 161;СЕ7554 61;Аникин Олег Борисович
О810ВТ 761;АТ6330 16;Ламков Денис Владимирович
О819ВТ 761;СО3261 61;Антощенко Александр Николаевич
О841ТУ 161;;Мисяков Геннадий Иванович
О870ТУ 161;СЕ5549 61;Михайлов Владимир Владимирович
О914ТУ 161;СЕ7811 61;Рындин Игорь Леонидович
О975ТУ 161;СЕ5042 61;Иванов Вадим Владимирович
О981ТУ 161;СМ0864 61;Ткачев Александр Сергеевич
Р081КК 761;СЕ9286 61;Кунишевский Виталий Владимирович
Р099КК 761;СО3281 61;Северченко Вячеслав Алексеевич
Р158КК 761;СМ9099 61;Кручинин Валерий Дмитриевич
Р179КК 761;СК5471 61;Белоцица Андрей Леонтьевич
Р198КК 761;СЕ4358 61;Николаев Алексей Сергеевич
Р329ТТ 161;СЕ9324 61;Котляров Олег Николаевич
Р376ВТ 761;СН6892 61;Слиж Евгений Юльевич
Р472ТТ 161;СЕ9317 61;Радюк Виталий Леонидович
С475ТО 161;СО4125 61;Мосин Сергей Леонидович
С478НТ 761;СН6349 61;Боридько Евгений Викторович
С486НТ 761;СК4965 61;Макаренко Андрей Васильевич
С520НТ 761;СЕ7494 61;Першин Дмитрий Николаевич
С532НТ 761;СР3131 61;Курышко Владимир Анатольевич
С558НТ 761;СН6350 61;Лагутин Николай Александрович
С657КЕ 761;СО3286 61;Дронов Денис Геннадьевич
Т203АЕ 761;СЕ2719 61;Рыбалко Евгений Владимирович
Т226АЕ 761;СЕ8721 61;Малахов Николай Витальевич
Т318АЕ 761;СЕ7810 61;Марченко Дмитрий Евгеньевич
Т350АЕ 761;СК5469 61;Салий Александр Иванович
Т651КК 761;СР3132 61;Авдюшин Эдуард Михайлович
Т677КК 761;АУ1635 16;Арутюнян Артур Шотаевич
Т690КК 761;СМ0869 61;Гайдук Сергей Леонидович
Т861МК 761;СН6315 61;Шахов Александр Владимирович
Т919МК 761;СР3071 61;Приходченко Виталий Евгеньевич
Т924МК 761;СО3293 61;Яковлев Александр Владимирович
Т938МК 761;СЕ6505 61;Корнеев Вячеслав Иосиевич
Х096АТ 761;;Петренко Артем Яковлевич
Х104АТ 761;;Малдецов Кюри Рашидович
Х124АТ 761;;Веснин Сергей Николаевич
Х337АТ 761;СК4975 61;Белоусов Александр Александрович
Х345АТ 761;СЕ4359 61;Дубина Сергей Васильевич
Х381ВУ 761;СН7865 61;Дырда Александр Иванович
Х676ХО 161;СЕ7534 61;Багдасарян Карен Гегамович
Х743ХО 161;;Слиж Евгений Юльевич
Х769АР 761;СЕ7551 61;Рябцев Александр Викторович
Н842ВВ 761;СЕ9323 61;Гайдуков Александр Викторович
А848НА 761;СМ9097 61;Григорьев Петр Викторович
В214МК 761;СН5650 61;Горченко Денис Андреевич
В225МК 761;СН6880 61;Кушнарев Евгений Васильевич
В264МК 761;СН7272 61;Дербенев Александр Петрович
В276МК 761;СН6891 61;Мавлюдов Нариман Изнулаевич
В530КМ 761;;Петренко Артем Яковлевич
Е199КВ 761;СК1857 61;Мищенко Александр Иванович
Е229КВ 761;СЕ9345 61;Ковалев Олег Николаевич
Е259КВ 761;СО3255 61;Стихарный Сергей Владимирович
Е589КВ 761;АУ0525 16;Тилинин Олег Евгеньевич
Е632КВ 761;СН7869 61;Безгинский Александр Иванович
Е653КВ 761;СН6235 61;Сурнин Алексей Владимирович
Е659КВ 761;СН7364 61;Цюпик Анатолий Владимирович
Е662КВ 761;СН7290 61;Яцун Александр Сергеевич
Е675КВ 761;СН7864 61;Беленьков Владимир Владимирович
Е687КВ 761;СН7868 61;Король Сергей Александрович
Е693КВ 761;СР3064 61;Коновалов Виктор Анатольевич
Е694КВ 761;СР3100 61;Архипов Вадим Александрович
Е695КВ 761;СН7298 61;Месропян Вардан Гарникович
Е704КВ 761;СР3225 61;Старостенко Александр Александрович
Е834КМ 761;СМ8994 61;Золотарев Андрей Александрович
К584НХ 761;СР3142 61;Горченко Сергей Андреевич
К643НХ 761;СЕ4390 61;Всяченков Александр Александрович
К779НХ 761;СР3218 61;Коротеев Алексей Юрьевич
М295НХ 761;СР3273 61;Борщев Игорь Юрьевич
Н770НХ 761;СР3205 61;Петренко Алексей Владимирович
Р247НХ 761;СН0248 61;Дымченко Сергей Викторович
Р617НХ 761;СН 0672 61;Романов Александр Георгиевич
Р780НХ 761;СО3287 61;Аксайский Александр Владимирович
С322ВЕ 761;СЕ7846 61;Колесников Алексей Александрович
С348ВЕ 761;;Михайлов Анатолий Владимирович
С366ВЕ 761;СМ8992 61;Онкоров Александр Сергеевич
С374ВЕ 761;СМ8989 61;Медведев Дмитрий Михайлович
С377ВЕ 761;СО3283 61;Зимовец Сергей Иванович
С383ВЕ 761;;Колесняк Роман Николаевич
С415ВЕ 761;СМ8996 61;Филатов Константин Александрович
У358ЕТ 761;СН0667 61;Абдумаликов Рахимжон Тоджибоевич
У365ЕТ 761;СН0845 61;Дронов Роман Павлович
У368ЕТ 761;СО5082 61;Бережной Сергей Иванович
У387ЕТ 761;;Дырда Александр Иванович
У390ЕТ 761;СО5081 61;Рожик Сергей Иванович
У401ЕТ 761;СН0670 61;Жбанов Олег Владимирович
У405ЕТ 761;СН0662 61;Мясников Николай Владимирович
У788НХ 761;СР3256 61;Мисяков Геннадий Иванович
У818НХ 761;СР3189 61;Кузнецов Николай Андреевич
Х055НХ 761;СР3221 61;Соценко Ярослав Вячеславович
Е252ВУ 761;СН6853 61;Тоцкий Евгений Иванович
Е335ВУ 761;СН0696 61;Ларкин Максим Николаевич
Е412ВУ 761;СЕ5552 61;Торба Андрей Николаевич
Е421ВУ 761;СК1858 61;Дащенко Дмитрий Николаевич
К365ЕТ 761;СК0941 61;Фёдоров Максим Сергеевич
С013МК 761;СЕ6502 61;Капылов Алексей Георгиевич
С053МК 761;СЕ8723 61;Пономарев Иван Иванович
У199ЕТ 761;СН0651 61;Лисицын Павел Леонидович
У211ЕТ 761;СМ9090 61;Зимовец Владимир Николаевич
У225ЕТ 761;СМ7951 61;Чеботарев Евгений Иванович
У254ЕТ 761;СМ8999 61;Дмитриенко Александр Иванович
У272ЕТ 761;СК1148 61;Севостьянов Иван Владимирович
У294ЕТ 761;СМ9091 61;Федотов Виктор Юрьевич
У329ЕТ 761;;Руденко Владимир Геннадьевич
У370ЕТ 761;СН0652 61;Вилесов Яков Николаевич
У372ЕТ 761;СМ9100 61;Оганов Виталий Эдуардович
У379ЕТ 761;СН0661 61;Евсеев Игорь Владимирович
У421ЕТ 761;;Колесняк Роман Николаевич
У436ЕТ 761;СН0656 61;Школяр Виталий Алексеевич
У468ЕТ 761;СН0659 61;Козлов Сергей Александрович
Х843ЕТ 761;СН0249 61;Румянцев Юрий Викторович
Х919ЕТ 761;СН0807 61;Попов Виктор Николаевич
